id,first_name,last_name,email,gender,ip_address
1,Harli,Ellum,hellum0@addtoany.com,Female,227.81.181.80
2,Pennie,Childrens,pchildrens1@privacy.gov.au,Male,241.166.231.223
3,Thomas,Husset,thusset2@fda.gov,Male,134.57.204.106
4,Obadias,Lamcken,olamcken3@php.net,Male,114.249.207.218
5,Elyn,Sugar,esugar4@macromedia.com,Female,86.111.29.50
6,Rafaela,Petrushanko,rpetrushanko5@smh.com.au,Female,54.38.111.249
7,Lynnett,Woolford,lwoolford6@hexun.com,Female,169.199.250.10
8,Hadleigh,Dawidowicz,hdawidowicz7@nydailynews.com,Male,77.198.195.87
9,Georgeanne,Fey,gfey8@live.com,Female,13.46.10.76
10,Cam,Zorro,czorro9@bing.com,Female,1.71.151.180
11,Brockie,Ticehurst,bticehursta@netvibes.com,Male,169.7.138.112
12,Boote,Hune,bhuneb@adobe.com,Male,47.215.100.153
13,Jerrold,Aven,javenc@patch.com,Male,178.126.3.185
14,Monroe,Long,mlongd@noaa.gov,Male,13.166.68.31
15,Winny,Medlen,wmedlene@europa.eu,Female,221.58.247.73
16,Sutton,Chipp,schippf@istockphoto.com,Male,186.17.23.42
17,Zahara,Karlmann,zkarlmanng@canalblog.com,Female,178.56.184.243
18,Hamel,Clere,hclereh@un.org,Male,3.193.159.43
19,Christie,Compfort,ccompforti@reddit.com,Female,69.50.149.18
20,Barnie,Chattell,bchattellj@newyorker.com,Male,145.46.120.77
21,Radcliffe,Huett,rhuettk@mtv.com,Male,39.191.128.177
22,Rosie,Mawdsley,rmawdsleyl@prnewswire.com,Female,187.3.140.77
23,Bail,Liquorish,bliquorishm@omniture.com,Male,149.229.127.253
24,Hal,Armell,harmelln@omniture.com,Male,186.36.66.170
25,Cecilius,Spores,csporeso@rakuten.co.jp,Male,1.250.26.206
26,Veronike,Gaytor,vgaytorp@theglobeandmail.com,Female,0.108.232.54
27,Tiffany,Kerbey,tkerbeyq@tiny.cc,Female,39.166.116.1
28,Letti,Androlli,landrollir@businesswire.com,Female,40.158.179.235
29,Aube,Henmarsh,ahenmarshs@businessweek.com,Male,43.43.92.105
30,Rudy,Tomankowski,rtomankowskit@telegraph.co.uk,Male,35.43.130.226
31,Archaimbaud,Vizard,avizardu@bbc.co.uk,Male,167.112.114.189
32,Leicester,Renvoys,lrenvoysv@tmall.com,Male,85.155.125.193
33,Dierdre,Matveiko,dmatveikow@si.edu,Female,124.101.185.238
34,Simon,Jeaneau,sjeaneaux@skyrock.com,Male,50.115.0.216
35,Marianna,Penkman,mpenkmany@bravesites.com,Female,113.180.78.17
36,Leonardo,Gitsham,lgitshamz@homestead.com,Male,33.196.43.0
37,Rodina,Cassar,rcassar10@tamu.edu,Female,235.36.85.50
38,Valenka,Carswell,vcarswell11@nature.com,Female,63.230.168.89
39,Yvonne,Norton,ynorton12@vk.com,Female,104.175.84.47
40,Diego,Bonney,dbonney13@mozilla.org,Male,38.44.102.88
41,Fidelity,Fiddymont,ffiddymont14@xinhuanet.com,Female,44.227.14.246
42,Abby,Relph,arelph15@cafepress.com,Male,244.116.39.252
43,Cammi,Labrum,clabrum16@aol.com,Female,161.172.163.188
44,Skell,Benford,sbenford17@wired.com,Male,61.123.87.147
45,Gard,De Banke,gdebanke18@patch.com,Male,226.109.49.142
46,Patsy,Schaffel,pschaffel19@goodreads.com,Male,67.173.79.73
47,Kerry,McGeachie,kmcgeachie1a@moonfruit.com,Female,123.78.8.223
48,Klement,Glavis,kglavis1b@technorati.com,Male,18.135.157.183
49,Rheba,O'Flynn,roflynn1c@liveinternet.ru,Female,15.164.58.27
50,Stanislas,Dommersen,sdommersen1d@shutterfly.com,Male,236.226.166.4
51,Joaquin,Capes,jcapes1e@mtv.com,Male,39.137.14.200
52,Sandor,Ammer,sammer1f@rediff.com,Male,238.141.155.29
53,Sylas,Harkin,sharkin1g@fotki.com,Male,96.10.57.222
54,Datha,Rivlin,drivlin1h@chron.com,Female,77.79.29.234
55,Pippo,Gilfillan,pgilfillan1i@elegantthemes.com,Male,129.56.92.155
56,Kaylil,Simkovich,ksimkovich1j@nature.com,Female,212.208.234.254
57,Reinhold,Woosnam,rwoosnam1k@npr.org,Male,253.91.193.165
58,Smith,Lamshead,slamshead1l@dailymail.co.uk,Male,90.29.139.5
59,Darrick,Coxwell,dcoxwell1m@cbc.ca,Male,206.180.102.203
60,Timofei,Reynolds,treynolds1n@cornell.edu,Male,111.224.39.16
61,Maddy,Jovey,mjovey1o@wufoo.com,Female,244.87.147.220
62,Noak,Charrette,ncharrette1p@163.com,Male,78.168.160.45
63,Ferrel,Gearty,fgearty1q@free.fr,Male,97.30.240.74
64,Johan,Carluccio,jcarluccio1r@google.co.uk,Male,149.22.191.152
65,Halli,Rottcher,hrottcher1s@home.pl,Female,66.211.232.137
66,Dionne,Sancias,dsancias1t@dot.gov,Female,113.153.114.164
67,Curtice,Huncoot,chuncoot1u@indiatimes.com,Male,70.210.54.9
68,Tedmund,Hurton,thurton1v@ucoz.ru,Male,208.82.187.165
69,Eldon,Teather,eteather1w@amazon.co.uk,Male,41.109.84.147
70,Dean,Middlemiss,dmiddlemiss1x@lycos.com,Male,19.99.174.148
71,Missie,Anwyl,manwyl1y@ucoz.ru,Female,203.132.196.179
72,Lenette,Chiene,lchiene1z@mysql.com,Female,165.221.61.75
73,Orsa,Sever,osever20@csmonitor.com,Female,248.16.192.236
74,Yovonnda,Vitall,yvitall21@4shared.com,Female,200.14.52.255
75,Chaddie,Leamon,cleamon22@earthlink.net,Male,83.29.123.178
76,Gloriane,Canham,gcanham23@artisteer.com,Female,77.246.2.237
77,Care,Tuffley,ctuffley24@dagondesign.com,Male,170.31.60.160
78,Ilene,Partington,ipartington25@msn.com,Female,105.126.93.59
79,Ruddy,Kingman,rkingman26@sourceforge.net,Male,201.84.74.83
80,Galvan,Varker,gvarker27@mapy.cz,Male,43.176.174.187
81,Keslie,Woodruff,kwoodruff28@google.ca,Female,173.121.127.190
82,Pepe,Garnsworth,pgarnsworth29@zimbio.com,Male,25.176.197.239
83,Nikolas,Ohm,nohm2a@last.fm,Male,166.47.179.112
84,Perrine,Coatman,pcoatman2b@themeforest.net,Female,168.77.105.132
85,Lauretta,Tiptaft,ltiptaft2c@gov.uk,Female,84.72.62.53
86,Kirby,Vassbender,kvassbender2d@yellowbook.com,Male,105.15.210.128
87,Ody,Roantree,oroantree2e@exblog.jp,Male,58.195.196.37
88,Daisi,Cattermoul,dcattermoul2f@nhs.uk,Female,172.160.136.195
89,Gladys,O'Heagertie,goheagertie2g@xrea.com,Female,53.0.51.84
90,Tracy,Scarrott,tscarrott2h@independent.co.uk,Male,239.16.19.48
91,Zita,Skipper,zskipper2i@economist.com,Female,65.244.231.1
92,Claudianus,Hendrick,chendrick2j@bloomberg.com,Male,164.55.43.5
93,Janelle,Elsley,jelsley2k@skype.com,Female,31.35.114.12
94,Lucias,Brixham,lbrixham2l@webs.com,Male,87.201.67.9
95,Holly,Baylie,hbaylie2m@pagesperso-orange.fr,Male,14.199.163.94
96,Leslie,Camacho,lcamacho2n@marketwatch.com,Male,85.204.9.128
97,Kimbell,Sutor,ksutor2o@freewebs.com,Male,18.145.94.245
98,Mel,Columbell,mcolumbell2p@wired.com,Male,119.199.251.34
99,Susi,Szymonowicz,sszymonowicz2q@last.fm,Female,172.219.86.188
100,Aguistin,Grim,agrim2r@bbb.org,Male,168.97.246.44
101,Jonas,Thelwll,jthelwll2s@state.tx.us,Male,255.154.170.252
102,Adrien,Jon,ajon2t@instagram.com,Male,211.147.213.251
103,Danny,Macenzy,dmacenzy2u@jimdo.com,Male,183.186.102.251
104,Stuart,Jewel,sjewel2v@java.com,Male,157.138.167.101
105,Keir,Caulliere,kcaulliere2w@webmd.com,Male,128.92.206.130
106,Janeva,Basey,jbasey2x@wikimedia.org,Female,155.11.215.27
107,Aggy,Jarrold,ajarrold2y@cornell.edu,Female,249.148.180.60
108,Ollie,Dosdale,odosdale2z@ucoz.ru,Female,13.37.148.215
109,Hallsy,Garcia,hgarcia30@ocn.ne.jp,Male,211.204.60.90
110,Freddy,Grimme,fgrimme31@cam.ac.uk,Female,32.203.30.221
111,Stavros,Mandel,smandel32@netvibes.com,Male,144.160.108.157
112,Taryn,Bagshaw,tbagshaw33@irs.gov,Female,255.254.228.145
113,Karla,Harnott,kharnott34@princeton.edu,Female,213.179.29.223
114,Eryn,Denerley,edenerley35@nymag.com,Female,103.13.250.46
115,Rodge,De Cruce,rdecruce36@hibu.com,Male,152.58.228.53
116,Yoko,Bore,ybore37@histats.com,Female,208.3.238.36
117,Flint,Stit,fstit38@washingtonpost.com,Male,193.126.88.5
118,Hunfredo,Chiommienti,hchiommienti39@prnewswire.com,Male,103.226.99.225
119,Junia,Booij,jbooij3a@pinterest.com,Female,172.217.106.202
120,Ameline,Connechie,aconnechie3b@cnbc.com,Female,117.14.13.52
121,Rafaelita,Sante,rsante3c@umn.edu,Female,231.213.121.22
122,Levin,Martino,lmartino3d@cnbc.com,Male,102.188.36.18
123,Zsa zsa,Dubock,zdubock3e@about.me,Female,163.142.44.38
124,Mirelle,Tombleson,mtombleson3f@google.ru,Female,246.196.246.247
125,Sly,Bess,sbess3g@netvibes.com,Male,230.216.226.235
126,Ricardo,Gioani,rgioani3h@ibm.com,Male,213.56.173.217
127,Reid,Albutt,ralbutt3i@pbs.org,Male,228.229.253.204
128,Fleming,Gawith,fgawith3j@biglobe.ne.jp,Male,46.52.225.137
129,Abby,MacKnight,amacknight3k@washington.edu,Female,14.27.96.12
130,Kippy,Breede,kbreede3l@icq.com,Female,120.59.137.98
131,Tommy,Antusch,tantusch3m@sina.com.cn,Male,18.142.163.24
132,Beret,Charity,bcharity3n@nyu.edu,Female,12.235.152.65
133,Jerrie,Tuma,jtuma3o@cbc.ca,Male,127.58.2.12
134,Lisha,Baskeyfied,lbaskeyfied3p@bizjournals.com,Female,149.47.137.135
135,Fleming,Hadleigh,fhadleigh3q@netvibes.com,Male,95.204.133.194
136,Brodie,Jeremaes,bjeremaes3r@ucla.edu,Male,56.252.135.212
137,Mattie,Golden of Ireland,mgoldenofireland3s@twitpic.com,Female,247.212.112.130
138,Clarence,Tyrwhitt,ctyrwhitt3t@salon.com,Male,190.175.241.159
139,Brita,Vossing,bvossing3u@youtube.com,Female,77.40.129.204
140,Kayley,Mynett,kmynett3v@nytimes.com,Female,145.200.45.122
141,Claresta,Robiou,crobiou3w@businessinsider.com,Female,68.84.97.36
142,Gustavo,Luckings,gluckings3x@typepad.com,Male,161.88.214.227
143,Rhett,Hinkley,rhinkley3y@list-manage.com,Male,244.107.203.230
144,Bobbie,Whitwell,bwhitwell3z@nature.com,Female,90.120.169.103
145,Lionello,Houndesome,lhoundesome40@youku.com,Male,159.40.240.203
146,Rube,Bouette,rbouette41@purevolume.com,Male,133.25.133.161
147,Jillayne,Nancarrow,jnancarrow42@ovh.net,Female,80.250.141.248
148,Temple,Covotti,tcovotti43@wp.com,Male,30.43.115.97
149,Ulises,Bras,ubras44@telegraph.co.uk,Male,192.75.225.74
150,Georgeanne,Lodo,glodo45@g.co,Female,150.215.40.13
151,Shanna,Greenside,sgreenside46@ted.com,Female,148.171.237.215
152,Jerome,Vannozzii,jvannozzii47@yolasite.com,Male,42.212.192.50
153,Igor,Fills,ifills48@narod.ru,Male,109.78.126.63
154,Karmen,Backe,kbacke49@delicious.com,Female,105.214.84.131
155,Sarita,Worling,sworling4a@nyu.edu,Female,35.178.149.134
156,Manuel,Jankowski,mjankowski4b@flickr.com,Male,183.211.220.59
157,Dorey,Sinncock,dsinncock4c@amazon.de,Female,128.207.250.214
158,Liesa,Carroll,lcarroll4d@jalbum.net,Female,71.136.245.69
159,Pammie,Atwood,patwood4e@wisc.edu,Female,249.51.214.196
160,Shay,Fitzpayn,sfitzpayn4f@hostgator.com,Male,208.246.55.137
161,Ema,Wareing,ewareing4g@g.co,Female,122.223.186.13
162,Cathee,Biddlecombe,cbiddlecombe4h@hexun.com,Female,56.67.116.253
163,Xaviera,Hovard,xhovard4i@chron.com,Female,29.202.134.43
164,Marlow,Ilem,milem4j@loc.gov,Male,99.131.200.108
165,Nathan,Solloway,nsolloway4k@sohu.com,Male,203.207.223.1
166,Roanne,MacAlees,rmacalees4l@dot.gov,Female,80.161.149.254
167,Ingrid,Masarrat,imasarrat4m@creativecommons.org,Female,249.5.115.66
168,Vevay,Northall,vnorthall4n@soup.io,Female,90.4.77.158
169,Brittan,Askem,baskem4o@ucsd.edu,Female,110.236.72.33
170,Auroora,Mac Giany,amacgiany4p@google.com.br,Female,78.209.176.34
171,Marsha,Lilleycrop,mlilleycrop4q@mail.ru,Female,81.27.48.166
172,Penni,Edinboro,pedinboro4r@xrea.com,Female,106.21.57.156
173,Faun,Haggerty,fhaggerty4s@nature.com,Female,31.173.4.234
174,Lilllie,Awde,lawde4t@techcrunch.com,Female,212.1.6.99
175,Bili,Colaco,bcolaco4u@alexa.com,Female,229.114.139.150
176,Curcio,Trevethan,ctrevethan4v@pagesperso-orange.fr,Male,29.82.157.72
177,Parker,Killerby,pkillerby4w@unesco.org,Male,216.221.75.214
178,Joycelin,Shedden,jshedden4x@imdb.com,Female,197.81.142.111
179,Kellby,Edmunds,kedmunds4y@github.io,Male,103.119.15.62
180,Padraig,Kirstein,pkirstein4z@com.com,Male,224.63.82.55
181,Andrew,Christofe,achristofe50@smugmug.com,Male,207.33.133.155
182,Trueman,Shepley,tshepley51@nationalgeographic.com,Male,109.8.184.37
183,Marci,O'Dowling,modowling52@scribd.com,Female,143.50.80.16
184,Garek,Cherrie,gcherrie53@printfriendly.com,Male,223.215.30.193
185,Kiley,Theobold,ktheobold54@csmonitor.com,Female,248.24.255.101
186,Nevins,Tippin,ntippin55@msn.com,Male,164.24.16.8
187,Sharyl,Sommerlin,ssommerlin56@indiatimes.com,Female,171.13.123.23
188,Gertrud,Cogswell,gcogswell57@uol.com.br,Female,188.153.127.3
189,Revkah,Wanderschek,rwanderschek58@usda.gov,Female,60.46.63.48
190,Obediah,Scanterbury,oscanterbury59@indiatimes.com,Male,21.64.227.163
191,Nikoletta,Putten,nputten5a@wsj.com,Female,86.48.127.41
192,Ferris,Ranshaw,franshaw5b@livejournal.com,Male,2.230.24.96
193,Lemmie,McTurlough,lmcturlough5c@jigsy.com,Male,20.68.53.36
194,Ward,Braun,wbraun5d@elegantthemes.com,Male,195.169.166.4
195,Rosemonde,Henniger,rhenniger5e@wiley.com,Female,116.76.177.140
196,Cornelle,Ingreda,cingreda5f@uol.com.br,Female,133.166.251.134
197,Germayne,McEnteggart,gmcenteggart5g@i2i.jp,Male,107.85.57.199
198,Vida,Skpsey,vskpsey5h@bravesites.com,Female,214.216.149.37
199,Arvie,Lyford,alyford5i@tinyurl.com,Male,212.226.179.158
200,Jehanna,Burlay,jburlay5j@comsenz.com,Female,224.48.132.108
201,Vita,Van Vuuren,vvanvuuren5k@telegraph.co.uk,Female,237.43.72.220
202,Samara,Seymark,sseymark5l@so-net.ne.jp,Female,242.240.167.123
203,Mae,Seeborne,mseeborne5m@netvibes.com,Female,134.183.115.15
204,Nola,Yuryev,nyuryev5n@dailymotion.com,Female,62.56.143.0
205,Dolorita,Lukins,dlukins5o@theguardian.com,Female,172.16.236.114
206,Trever,Samwell,tsamwell5p@uiuc.edu,Male,41.222.59.176
207,Melita,Feltham,mfeltham5q@umich.edu,Female,138.207.145.52
208,Agata,Caras,acaras5r@wired.com,Female,129.201.208.32
209,Ephraim,Traviss,etraviss5s@dailymail.co.uk,Male,235.26.180.250
210,Caitrin,Yushkin,cyushkin5t@uiuc.edu,Female,82.22.113.59
211,Blaine,Mercik,bmercik5u@dropbox.com,Male,47.50.47.201
212,Sax,Broadhurst,sbroadhurst5v@ucsd.edu,Male,155.154.64.143
213,Ailbert,Morican,amorican5w@foxnews.com,Male,132.35.98.243
214,Jeni,Feldbaum,jfeldbaum5x@java.com,Female,88.250.165.135
215,Vivie,Stroband,vstroband5y@google.com.au,Female,205.166.204.181
216,Jerrie,Gilders,jgilders5z@ifeng.com,Male,52.22.245.232
217,Mikkel,Mc Comb,mmccomb60@springer.com,Male,75.65.99.248
218,Chaddy,Recke,crecke61@merriam-webster.com,Male,237.196.234.37
219,Patrizia,Sizeland,psizeland62@fc2.com,Female,224.86.212.26
220,Gibbie,Schaffel,gschaffel63@naver.com,Male,228.176.103.162
221,Dorree,Rushby,drushby64@engadget.com,Female,208.76.190.20
222,Drona,Rubinsaft,drubinsaft65@va.gov,Female,130.0.21.184
223,Berkeley,Dillestone,bdillestone66@1688.com,Male,122.4.81.184
224,Ingeborg,de Amaya,ideamaya67@gnu.org,Female,151.208.33.176
225,Julissa,Fullwood,jfullwood68@unc.edu,Female,197.111.84.70
226,Seth,Wimpress,swimpress69@cornell.edu,Male,29.126.139.177
227,Bron,Kenen,bkenen6a@infoseek.co.jp,Male,54.111.72.226
228,Laina,Hitchens,lhitchens6b@google.com,Female,74.179.177.241
229,Loreen,Canavan,lcanavan6c@reuters.com,Female,218.12.68.149
230,Nisse,Marryatt,nmarryatt6d@seattletimes.com,Female,255.176.60.73
231,Analise,Kettell,akettell6e@zdnet.com,Female,176.73.171.127
232,Oralee,Stearnes,ostearnes6f@reddit.com,Female,232.115.96.176
233,Dacey,O'Fogarty,dofogarty6g@wikimedia.org,Female,180.251.10.81
234,Shane,enzley,senzley6h@ustream.tv,Female,40.22.234.89
235,Alberik,Stein,astein6i@i2i.jp,Male,94.81.74.212
236,Eartha,Ianniello,eianniello6j@nature.com,Female,122.50.135.192
237,Clark,Sickamore,csickamore6k@merriam-webster.com,Male,222.171.45.73
238,Philippa,Campos,pcampos6l@sbwire.com,Female,218.207.54.107
239,Gasper,Billion,gbillion6m@github.com,Male,25.172.251.174
240,Gene,Park,gpark6n@foxnews.com,Male,113.132.153.4
241,Haroun,Redfearn,hredfearn6o@icio.us,Male,160.233.38.252
242,Verne,Chavez,vchavez6p@msn.com,Male,47.4.196.32
243,Atlante,Beevers,abeevers6q@google.co.jp,Female,109.210.92.229
244,Sullivan,Welland,swelland6r@alibaba.com,Male,83.92.20.47
245,Rand,Wombwell,rwombwell6s@t-online.de,Male,37.50.206.43
246,Benedetta,Faulks,bfaulks6t@indiatimes.com,Female,193.34.121.12
247,Rosemonde,Fletham,rfletham6u@miibeian.gov.cn,Female,194.252.153.125
248,Cristin,Meier,cmeier6v@photobucket.com,Female,63.63.7.115
249,Quentin,Matczak,qmatczak6w@seattletimes.com,Male,158.226.234.41
250,Evangeline,Drance,edrance6x@amazon.com,Female,75.102.223.117
251,Greggory,Lamplough,glamplough6y@netscape.com,Male,229.156.146.12
252,Agata,Champerlen,achamperlen6z@yahoo.com,Female,126.56.129.179
253,Hollie,Yockley,hyockley70@com.com,Female,181.88.204.6
254,Keith,Melross,kmelross71@deliciousdays.com,Male,166.167.125.167
255,Simeon,Skipsea,sskipsea72@hc360.com,Male,39.17.119.152
256,Ray,Gethins,rgethins73@histats.com,Male,41.254.221.222
257,Opaline,Bates,obates74@constantcontact.com,Female,23.195.148.115
258,Raoul,Tidbold,rtidbold75@spiegel.de,Male,162.224.244.185
259,Claudette,Whittlesea,cwhittlesea76@howstuffworks.com,Female,80.20.174.78
260,Ivie,Shewon,ishewon77@pen.io,Female,203.246.65.143
261,Cobbie,Raiker,craiker78@columbia.edu,Male,9.48.9.187
262,Ruddie,Seide,rseide79@lulu.com,Male,26.31.101.238
263,Abdel,Ketteridge,aketteridge7a@de.vu,Male,106.108.2.208
264,Jenica,Robb,jrobb7b@topsy.com,Female,128.136.9.122
265,Jeanelle,Goodband,jgoodband7c@hubpages.com,Female,89.68.15.189
266,Devlin,Dombrell,ddombrell7d@abc.net.au,Male,177.141.51.236
267,Lynne,Norway,lnorway7e@liveinternet.ru,Female,210.55.165.139
268,Suellen,Hellmer,shellmer7f@marriott.com,Female,217.153.171.65
269,Rolland,Rouse,rrouse7g@berkeley.edu,Male,154.152.24.15
270,Hollis,Dincey,hdincey7h@ameblo.jp,Male,16.158.1.37
271,Angelo,Josilevich,ajosilevich7i@g.co,Male,7.154.80.24
272,Freddie,Kruszelnicki,fkruszelnicki7j@opensource.org,Female,250.203.51.222
273,Alysia,Balharry,abalharry7k@google.pl,Female,102.81.6.144
274,Hendrick,Rowley,hrowley7l@taobao.com,Male,174.75.139.118
275,Caroljean,Giacovetti,cgiacovetti7m@cam.ac.uk,Female,67.123.15.203
276,Caddric,MacGillicuddy,cmacgillicuddy7n@berkeley.edu,Male,158.184.204.192
277,Anallese,Doblin,adoblin7o@unblog.fr,Female,87.144.226.2
278,Gannie,Pietruschka,gpietruschka7p@discuz.net,Male,216.118.211.215
279,Reggie,Retallick,rretallick7q@baidu.com,Male,138.217.174.44
280,Herculie,Pentecost,hpentecost7r@shareasale.com,Male,120.137.219.254
281,Bianca,Coatman,bcoatman7s@columbia.edu,Female,64.171.221.76
282,Robinetta,Allawy,rallawy7t@newyorker.com,Female,227.9.145.115
283,Terri,Schuchmacher,tschuchmacher7u@omniture.com,Male,99.224.172.112
284,Jakob,Phripp,jphripp7v@hp.com,Male,103.67.31.125
285,Lorrin,Rushton,lrushton7w@ucoz.com,Female,20.11.239.255
286,Osmund,Cardall,ocardall7x@sitemeter.com,Male,27.242.187.128
287,Zelma,Pobjoy,zpobjoy7y@elpais.com,Female,217.214.48.78
288,Gabriella,McMorran,gmcmorran7z@furl.net,Female,79.100.163.33
289,Westbrook,Strutley,wstrutley80@nifty.com,Male,20.148.165.112
290,Krystalle,Becerra,kbecerra81@sbwire.com,Female,30.203.243.100
291,Kevin,Jaume,kjaume82@thetimes.co.uk,Male,59.180.255.186
292,Marsh,Alexsandrovich,malexsandrovich83@ycombinator.com,Male,128.100.164.240
293,Devina,Genge,dgenge84@mit.edu,Female,216.77.14.253
294,Marius,Camier,mcamier85@nyu.edu,Male,177.47.133.172
295,Benedicta,Tithecote,btithecote86@themeforest.net,Female,37.58.2.82
296,Janka,Ygoe,jygoe87@wp.com,Female,190.190.8.112
297,Lew,Redgrave,lredgrave88@hhs.gov,Male,94.23.115.48
298,Tan,Oxtaby,toxtaby89@pen.io,Male,8.177.96.32
299,Lewie,Bennough,lbennough8a@mediafire.com,Male,231.190.154.173
300,Carlin,M'Chirrie,cmchirrie8b@desdev.cn,Male,188.62.155.128
301,Lisha,Courtes,lcourtes8c@ocn.ne.jp,Female,161.142.227.92
302,Michele,Doumer,mdoumer8d@addthis.com,Male,176.216.138.228
303,Datha,Brizell,dbrizell8e@ox.ac.uk,Female,10.12.209.129
304,Jerrold,Baythorp,jbaythorp8f@discovery.com,Male,98.153.211.183
305,Melvin,Scotti,mscotti8g@parallels.com,Male,217.251.126.24
306,Emmey,Blum,eblum8h@theatlantic.com,Female,43.120.167.46
307,Sybil,Wickstead,swickstead8i@utexas.edu,Female,72.96.93.82
308,Derron,Kinkead,dkinkead8j@symantec.com,Male,243.199.225.133
309,Reena,Steade,rsteade8k@gmpg.org,Female,19.106.73.95
310,Dita,Carnduff,dcarnduff8l@timesonline.co.uk,Female,7.32.74.167
311,Sigrid,Badsey,sbadsey8m@adobe.com,Female,62.145.243.109
312,Jayme,Kehoe,jkehoe8n@thetimes.co.uk,Male,183.129.21.237
313,Harriette,MacKintosh,hmackintosh8o@nps.gov,Female,142.241.59.50
314,Jaime,Cuschieri,jcuschieri8p@pbs.org,Male,199.245.162.122
315,Kym,Kippling,kkippling8q@state.tx.us,Female,121.200.239.12
316,Sanson,Godsell,sgodsell8r@miitbeian.gov.cn,Male,108.58.32.127
317,Gayler,Mathissen,gmathissen8s@altervista.org,Male,157.59.84.169
318,Sylvan,Saddler,ssaddler8t@geocities.com,Male,212.223.42.209
319,Enrique,Bazoche,ebazoche8u@biblegateway.com,Male,171.209.214.233
320,Daloris,Heald,dheald8v@toplist.cz,Female,204.183.122.181
321,Udall,Yann,uyann8w@opera.com,Male,138.174.184.67
322,Ewan,Cumber,ecumber8x@nasa.gov,Male,233.197.115.212
323,Constantino,Hagyard,chagyard8y@constantcontact.com,Male,184.178.235.212
324,Chelsea,Cartwright,ccartwright8z@example.com,Female,51.216.20.250
325,Sully,Tedorenko,stedorenko90@csmonitor.com,Male,227.213.13.90
326,Lind,Olin,lolin91@dion.ne.jp,Male,207.94.44.197
327,Ellery,Smaleman,esmaleman92@cornell.edu,Male,99.131.32.217
328,Shepard,Detoile,sdetoile93@twitpic.com,Male,33.15.121.168
329,Marline,Cully,mcully94@xrea.com,Female,10.62.157.153
330,Giorgio,Beardwell,gbeardwell95@reference.com,Male,6.209.65.219
331,Rachelle,Burtwistle,rburtwistle96@oakley.com,Female,37.192.189.139
332,Ainslee,Andreev,aandreev97@vistaprint.com,Female,225.252.68.208
333,Nickie,Crocetto,ncrocetto98@ox.ac.uk,Male,8.172.40.36
334,Natasha,Bruna,nbruna99@sbwire.com,Female,73.45.150.60
335,Ruy,Espada,respada9a@icio.us,Male,99.25.72.202
336,Parke,Swapp,pswapp9b@imdb.com,Male,237.251.245.134
337,Xaviera,Messager,xmessager9c@aol.com,Female,158.10.101.148
338,Arden,Rimbault,arimbault9d@reuters.com,Female,33.225.182.22
339,Celia,Macauley,cmacauley9e@cdc.gov,Female,119.220.8.20
340,Billy,Soulsby,bsoulsby9f@live.com,Female,112.135.220.253
341,Timmie,Geydon,tgeydon9g@fda.gov,Female,56.253.107.170
342,Jobye,Pillington,jpillington9h@blog.com,Female,233.0.89.109
343,Langsdon,Shailer,lshailer9i@youtu.be,Male,98.155.193.26
344,Irwin,Wybrew,iwybrew9j@ezinearticles.com,Male,125.158.150.102
345,Dieter,Bossons,dbossons9k@ow.ly,Male,100.137.72.159
346,Antons,Adkin,aadkin9l@fc2.com,Male,85.217.11.41
347,Brendis,Lestrange,blestrange9m@economist.com,Male,238.80.202.69
348,Enrichetta,Donet,edonet9n@sitemeter.com,Female,210.93.122.119
349,Zollie,Haylock,zhaylock9o@constantcontact.com,Male,6.253.199.253
350,Justin,Ricks,jricks9p@hostgator.com,Male,158.99.205.125
351,Miltie,Noyes,mnoyes9q@bandcamp.com,Male,1.10.211.7
352,Ede,Hardeman,ehardeman9r@hc360.com,Female,24.115.21.97
353,Ola,Jakel,ojakel9s@reuters.com,Female,186.242.151.228
354,Aridatha,Shieber,ashieber9t@disqus.com,Female,44.220.147.45
355,Kaile,Mitchell,kmitchell9u@craigslist.org,Female,108.91.75.123
356,Emmi,Hendonson,ehendonson9v@blog.com,Female,49.50.213.125
357,Reynolds,Tuny,rtuny9w@twitpic.com,Male,193.155.74.70
358,Gabriellia,Pridham,gpridham9x@ibm.com,Female,198.15.81.202
359,Chester,Rewcastle,crewcastle9y@ameblo.jp,Male,83.62.202.90
360,Loise,Dalmon,ldalmon9z@businessinsider.com,Female,36.24.154.1
361,Warden,Allred,wallreda0@discuz.net,Male,153.18.145.217
362,Marvin,Steadman,msteadmana1@networkadvertising.org,Male,22.230.46.66
363,Remus,Jakubski,rjakubskia2@angelfire.com,Male,88.236.246.112
364,Franni,Tink,ftinka3@sogou.com,Female,181.113.97.132
365,Tam,Skittles,tskittlesa4@washington.edu,Male,55.31.45.3
366,Iseabal,Duckfield,iduckfielda5@webnode.com,Female,6.157.163.40
367,Olivier,Mulliner,omullinera6@usda.gov,Male,219.221.224.164
368,Joyan,Edgars,jedgarsa7@cocolog-nifty.com,Female,93.164.198.138
369,Gaby,Dignum,gdignuma8@kickstarter.com,Female,1.185.205.115
370,Shelley,D'Arrigo,sdarrigoa9@cnn.com,Female,61.164.112.2
371,Luce,Whiteoak,lwhiteoakaa@berkeley.edu,Female,63.11.16.146
372,Tynan,Bastow,tbastowab@hatena.ne.jp,Male,152.138.154.208
373,Gussi,Cosker,gcoskerac@addthis.com,Female,23.81.114.175
374,Delcine,Ricardou,dricardouad@cbsnews.com,Female,226.98.8.87
375,Coleman,McAuslene,cmcausleneae@taobao.com,Male,205.44.38.132
376,Bartlett,Schuh,bschuhaf@github.com,Male,160.134.239.68
377,Brannon,McClinton,bmcclintonag@aboutads.info,Male,183.145.83.33
378,Berny,Di Boldi,bdiboldiah@ask.com,Male,23.227.238.67
379,Sindee,Towler,stowlerai@etsy.com,Female,86.132.81.94
380,Karil,Muckloe,kmuckloeaj@ucoz.com,Female,142.54.250.247
381,Danya,Rainey,draineyak@census.gov,Female,16.253.178.163
382,Nicole,Vallentin,nvallentinal@ftc.gov,Female,232.253.184.50
383,Lucina,Sartin,lsartinam@yale.edu,Female,177.39.28.135
384,Arabele,Hartil,ahartilan@huffingtonpost.com,Female,145.35.146.202
385,Collette,Bendixen,cbendixenao@yale.edu,Female,225.57.144.141
386,Algernon,Mence,amenceap@wisc.edu,Male,71.125.120.252
387,Kris,Scholtz,kscholtzaq@china.com.cn,Female,158.199.47.225
388,Ritchie,Valler,rvallerar@cmu.edu,Male,60.60.140.211
389,Donni,Westcar,dwestcaras@topsy.com,Female,74.255.131.102
390,Franklin,Camings,fcamingsat@state.gov,Male,66.34.149.146
391,Ody,Huband,ohubandau@sitemeter.com,Male,166.10.196.91
392,Loria,Gozard,lgozardav@imgur.com,Female,215.129.95.239
393,Rudd,Hazelby,rhazelbyaw@merriam-webster.com,Male,218.217.147.219
394,Harp,Etheridge,hetheridgeax@moonfruit.com,Male,150.41.127.254
395,Lil,Chiplin,lchiplinay@slate.com,Female,227.132.50.31
396,Sherill,Middup,smiddupaz@shop-pro.jp,Female,115.124.230.239
397,Yvon,Stutely,ystutelyb0@lycos.com,Male,181.231.253.19
398,Rodger,Tyrer,rtyrerb1@gnu.org,Male,100.239.91.1
399,Alexio,Fairney,afairneyb2@spotify.com,Male,56.120.28.62
400,Miner,Pickton,mpicktonb3@bloglovin.com,Male,154.253.119.111
401,Jerrilyn,Donaldson,jdonaldsonb4@t.co,Female,237.32.72.187
402,Ada,Grishakin,agrishakinb5@mail.ru,Female,105.213.182.158
403,Ediva,Currier,ecurrierb6@behance.net,Female,24.203.161.21
404,Marketa,Yalden,myaldenb7@statcounter.com,Female,146.97.86.158
405,Lanette,Luckhurst,lluckhurstb8@booking.com,Female,53.110.94.14
406,Urbano,Winthrop,uwinthropb9@mediafire.com,Male,129.155.167.99
407,Scot,Dowdney,sdowdneyba@arizona.edu,Male,97.135.42.211
408,Clementia,Pleven,cplevenbb@jalbum.net,Female,242.248.68.149
409,Roscoe,Pendlebery,rpendleberybc@godaddy.com,Male,233.36.35.56
410,Nissy,Bennough,nbennoughbd@symantec.com,Female,148.234.19.6
411,Rees,Bolmann,rbolmannbe@delicious.com,Male,108.252.142.204
412,Wenonah,Gammie,wgammiebf@mit.edu,Female,121.1.35.194
413,Marchall,Sallings,msallingsbg@nationalgeographic.com,Male,213.75.88.16
414,Bab,McOmish,bmcomishbh@pen.io,Female,157.123.208.189
415,Tom,Nehl,tnehlbi@nps.gov,Male,204.213.159.21
416,Montgomery,Dakhov,mdakhovbj@umn.edu,Male,154.209.83.26
417,Austine,Smiths,asmithsbk@weibo.com,Female,213.7.176.255
418,Humfrey,Ferenc,hferencbl@reverbnation.com,Male,189.219.201.112
419,Norman,Summerhayes,nsummerhayesbm@illinois.edu,Male,166.23.69.24
420,Ingmar,Ivanaev,iivanaevbn@goo.ne.jp,Male,39.146.51.95
421,Susana,Meyrick,smeyrickbo@parallels.com,Female,163.196.34.231
422,Katrinka,Edison,kedisonbp@nymag.com,Female,150.133.155.220
423,Prue,Leaney,pleaneybq@wisc.edu,Female,58.151.97.10
424,Isabelita,Larderot,ilarderotbr@artisteer.com,Female,78.153.193.48
425,Roda,Counsell,rcounsellbs@nba.com,Female,143.43.33.189
426,Sibylla,Peracco,speraccobt@indiatimes.com,Female,104.145.192.237
427,Moe,Farnhill,mfarnhillbu@freewebs.com,Male,105.176.14.248
428,Franchot,Skate,fskatebv@uiuc.edu,Male,203.33.94.189
429,Gwendolin,Burney,gburneybw@shinystat.com,Female,85.91.100.149
430,Robin,Trodler,rtrodlerbx@smugmug.com,Male,227.167.109.226
431,Brinn,Prator,bpratorby@oracle.com,Female,215.110.226.22
432,Erna,Trulocke,etrulockebz@dot.gov,Female,36.186.6.56
433,Alfie,Manchett,amanchettc0@devhub.com,Male,236.172.229.195
434,Archer,Feeney,afeeneyc1@altervista.org,Male,218.67.127.90
435,Tamma,Kwietak,tkwietakc2@boston.com,Female,181.231.250.119
436,Bertha,Deveraux,bdeverauxc3@netvibes.com,Female,54.178.13.104
437,Dione,Turfrey,dturfreyc4@upenn.edu,Female,180.44.177.184
438,Kort,Robertson,krobertsonc5@sitemeter.com,Male,221.21.154.37
439,Reagen,Sotheby,rsothebyc6@comsenz.com,Male,150.122.56.196
440,Sid,McSweeney,smcsweeneyc7@yale.edu,Male,74.195.66.88
441,Denney,Jeram,djeramc8@wunderground.com,Male,94.29.116.99
442,Jeanine,Greeding,jgreedingc9@latimes.com,Female,171.38.61.228
443,Fannie,Longhirst,flonghirstca@mayoclinic.com,Female,126.237.215.244
444,Giraldo,Hanbury-Brown,ghanburybrowncb@netlog.com,Male,228.235.235.157
445,Kathryn,Sidebotham,ksidebothamcc@umn.edu,Female,170.243.79.113
446,Tabina,Rawsthorne,trawsthornecd@vkontakte.ru,Female,166.159.226.74
447,Meagan,Pree,mpreece@wikia.com,Female,43.41.42.44
448,Tye,Philipsohn,tphilipsohncf@mail.ru,Male,212.3.110.114
449,Wandis,Coleson,wcolesoncg@house.gov,Female,232.115.244.147
450,Dael,Buckhurst,dbuckhurstch@reverbnation.com,Female,102.169.157.172
451,Russ,Pateman,rpatemanci@booking.com,Male,2.175.179.65
452,Kali,Peagrim,kpeagrimcj@indiatimes.com,Female,67.92.14.13
453,Abagail,Sibthorp,asibthorpck@unicef.org,Female,70.50.153.80
454,Benjy,Wainscoat,bwainscoatcl@sbwire.com,Male,6.121.104.215
455,Emmy,Helstrom,ehelstromcm@umn.edu,Female,74.19.79.58
456,Hammad,Willbond,hwillbondcn@mtv.com,Male,154.81.40.244
457,Suellen,Dane,sdaneco@whitehouse.gov,Female,64.199.29.0
458,Candy,Solano,csolanocp@squidoo.com,Female,93.87.139.87
459,Jackie,Conyers,jconyerscq@un.org,Male,80.134.63.229
460,Amby,Sonschein,asonscheincr@goo.gl,Male,191.239.204.41
461,Son,Furlonge,sfurlongecs@npr.org,Male,40.57.227.62
462,Teresina,Loisi,tloisict@51.la,Female,81.193.107.247
463,Michail,Iglesiaz,miglesiazcu@usda.gov,Male,20.58.81.19
464,Etan,Jarrette,ejarrettecv@csmonitor.com,Male,238.36.66.61
465,Desirae,Whitmarsh,dwhitmarshcw@cornell.edu,Female,1.214.252.84
466,Kristan,Giraudou,kgiraudoucx@ibm.com,Female,238.31.38.8
467,Domenico,Southey,dsoutheycy@hp.com,Male,3.92.193.10
468,Olvan,Ferruzzi,oferruzzicz@woothemes.com,Male,227.148.51.92
469,Joaquin,Cicerone,jciceroned0@hatena.ne.jp,Male,61.35.4.26
470,Kit,Dyster,kdysterd1@google.co.jp,Female,230.197.236.78
471,Marty,Kuhne,mkuhned2@feedburner.com,Male,56.129.113.123
472,Filide,Innman,finnmand3@constantcontact.com,Female,202.27.175.150
473,Mata,Guillot,mguillotd4@hp.com,Male,95.92.24.228
474,Owen,Ditter,oditterd5@google.de,Male,211.2.61.13
475,Elvina,Burg,eburgd6@github.com,Female,142.151.163.2
476,Kerwinn,Steljes,ksteljesd7@alibaba.com,Male,94.243.186.123
477,Carley,Plowes,cplowesd8@dedecms.com,Female,154.126.6.197
478,Karleen,Sewell,ksewelld9@webeden.co.uk,Female,3.24.97.167
479,Mariana,Alston,malstonda@naver.com,Female,169.104.9.104
480,Petronia,McCambridge,pmccambridgedb@mysql.com,Female,193.8.249.53
481,Cordy,Polland,cpollanddc@hibu.com,Female,89.80.204.234
482,Kristoforo,Brandt,kbrandtdd@yahoo.co.jp,Male,94.105.94.193
483,Gustavo,Mowday,gmowdayde@house.gov,Male,252.179.64.66
484,Blythe,Weed,bweeddf@columbia.edu,Female,68.113.56.60
485,Curtice,Weavill,cweavilldg@mashable.com,Male,169.224.104.38
486,Lucie,Emlen,lemlendh@hud.gov,Female,6.251.8.69
487,Melantha,Cripps,mcrippsdi@hibu.com,Female,220.36.132.138
488,Harv,Cock,hcockdj@csmonitor.com,Male,10.190.201.73
489,Cherilyn,Gamil,cgamildk@rambler.ru,Female,16.150.95.161
490,Avictor,Josowitz,ajosowitzdl@npr.org,Male,33.157.110.232
491,Virgilio,De Carteret,vdecarteretdm@senate.gov,Male,138.94.106.80
492,Morly,Stobart,mstobartdn@bravesites.com,Male,217.120.34.33
493,Suki,Huchot,shuchotdo@quantcast.com,Female,104.158.68.145
494,Annalee,Rodinger,arodingerdp@fda.gov,Female,39.190.167.234
495,Olga,Lipp,olippdq@merriam-webster.com,Female,20.168.212.6
496,Rozina,Scane,rscanedr@blog.com,Female,8.68.26.137
497,Sven,Dorr,sdorrds@google.fr,Male,120.149.111.16
498,Chrissy,McConway,cmcconwaydt@storify.com,Male,129.197.117.252
499,Julieta,Rillett,jrillettdu@google.com,Female,23.66.155.171
500,Guglielma,Gillbee,ggillbeedv@free.fr,Female,64.179.5.71
501,Kristan,McGing,kmcgingdw@theguardian.com,Female,21.168.126.126
502,Hanson,Jalland,hjallanddx@dot.gov,Male,242.19.133.0
503,Bearnard,Thewless,bthewlessdy@is.gd,Male,248.77.175.210
504,Donal,Greatbank,dgreatbankdz@latimes.com,Male,128.69.100.116
505,Charlotte,Remmers,cremmerse0@usda.gov,Female,152.205.55.197
506,Michal,Rapsey,mrapseye1@joomla.org,Male,6.182.46.213
507,Zolly,Whitchurch,zwhitchurche2@github.com,Male,183.222.46.135
508,Morse,Lebrun,mlebrune3@mozilla.com,Male,4.224.248.137
509,Liv,Baddow,lbaddowe4@last.fm,Female,121.1.223.85
510,Ethan,Dogg,edogge5@over-blog.com,Male,46.204.191.95
511,Alfy,Ardley,aardleye6@icq.com,Male,217.206.204.161
512,Dulcinea,Huckell,dhuckelle7@constantcontact.com,Female,181.50.236.235
513,Gawain,Rozenbaum,grozenbaume8@harvard.edu,Male,253.200.42.124
514,Shalne,Carvill,scarville9@pinterest.com,Female,173.92.238.54
515,Jabez,Digwood,jdigwoodea@studiopress.com,Male,96.235.86.174
516,Malachi,Truce,mtruceeb@disqus.com,Male,25.55.73.151
517,Johnathon,Blackah,jblackahec@cnn.com,Male,15.221.15.162
518,Paten,Romeuf,promeufed@surveymonkey.com,Male,42.170.204.163
519,Herschel,Schultze,hschultzeee@woothemes.com,Male,134.83.224.234
520,Elfie,Lortzing,elortzingef@archive.org,Female,25.250.0.80
521,Kirk,Sconce,ksconceeg@nydailynews.com,Male,121.82.104.186
522,Oswald,Riatt,oriatteh@reuters.com,Male,53.213.89.37
523,Osbourne,Ascroft,oascroftei@sakura.ne.jp,Male,230.159.4.174
524,Gardie,Leahey,gleaheyej@baidu.com,Male,201.38.160.187
525,Roselia,Alennikov,ralennikovek@cdc.gov,Female,115.111.77.73
526,Eula,Farra,efarrael@de.vu,Female,165.11.67.3
527,Lezlie,Limmer,llimmerem@people.com.cn,Female,208.84.89.112
528,Elwira,Seniour,eseniouren@pinterest.com,Female,131.66.235.89
529,Sonja,Markos,smarkoseo@icio.us,Female,203.170.101.76
530,Davide,Dimitresco,ddimitrescoep@oaic.gov.au,Male,96.17.67.215
531,Arel,Regler,areglereq@gizmodo.com,Male,75.223.214.236
532,Karoly,Yakunchikov,kyakunchikover@mediafire.com,Female,139.194.236.190
533,Giustina,Belfield,gbelfieldes@newyorker.com,Female,13.10.92.61
534,Zorah,Domegan,zdomeganet@arizona.edu,Female,104.152.177.29
535,Jordan,Bartos,jbartoseu@pcworld.com,Female,248.151.10.236
536,Fairleigh,O'Rodane,forodaneev@purevolume.com,Male,66.222.101.97
537,Gillian,Drohane,gdrohaneew@chronoengine.com,Female,85.171.152.77
538,Joellyn,Szymczyk,jszymczykex@people.com.cn,Female,205.56.87.54
539,Harper,Lewin,hlewiney@epa.gov,Male,32.155.237.188
540,Sydelle,Haugeh,shaugehez@discuz.net,Female,139.56.158.188
541,Regen,Ondricek,rondricekf0@hostgator.com,Male,96.98.252.62
542,Ilka,Linsey,ilinseyf1@csmonitor.com,Female,136.8.147.184
543,Raymund,Skylett,rskylettf2@china.com.cn,Male,159.242.1.133
544,Austin,Torrie,atorrief3@arstechnica.com,Female,39.202.149.0
545,Merrick,Jouannin,mjouanninf4@paginegialle.it,Male,131.197.197.198
546,Darby,Baugham,dbaughamf5@ucoz.ru,Female,215.30.112.196
547,Cody,Basilotta,cbasilottaf6@creativecommons.org,Male,174.27.164.19
548,Marnie,Pimlett,mpimlettf7@clickbank.net,Female,28.243.232.41
549,Antonella,Brackenridge,abrackenridgef8@skype.com,Female,208.160.234.71
550,Frannie,Abrahim,fabrahimf9@chicagotribune.com,Female,137.251.115.173
551,Venus,Hansbury,vhansburyfa@nationalgeographic.com,Female,92.218.248.20
552,Ian,Plumm,iplummfb@hp.com,Male,139.132.42.185
553,Corette,Donhardt,cdonhardtfc@ft.com,Female,96.155.64.39
554,Georgia,Avison,gavisonfd@webmd.com,Female,220.195.34.225
555,Eyde,Gribble,egribblefe@artisteer.com,Female,223.227.36.85
556,Cecilio,Randals,crandalsff@cnbc.com,Male,201.17.94.162
557,Alfie,Martijn,amartijnfg@taobao.com,Female,173.17.219.113
558,Maxine,Gasperi,mgasperifh@photobucket.com,Female,202.125.206.28
559,Seumas,Carvill,scarvillfi@patch.com,Male,36.80.163.248
560,Coleen,Gibbon,cgibbonfj@ucoz.com,Female,128.232.183.233
561,Barn,Collocott,bcollocottfk@typepad.com,Male,107.143.83.214
562,Justinn,Silvers,jsilversfl@t-online.de,Female,67.152.33.56
563,Casie,Latus,clatusfm@who.int,Female,225.250.180.249
564,Garek,Finding,gfindingfn@narod.ru,Male,86.70.82.1
565,Mason,Canedo,mcanedofo@tinypic.com,Male,172.171.133.62
566,Hinda,Barukh,hbarukhfp@comcast.net,Female,174.112.26.93
567,Dottie,Currin,dcurrinfq@mysql.com,Female,249.151.46.17
568,Thurstan,D'Adda,tdaddafr@ocn.ne.jp,Male,236.26.184.25
569,Lilla,Clemitt,lclemittfs@twitpic.com,Female,220.108.176.214
570,Karl,Wallington,kwallingtonft@google.ru,Male,118.128.99.157
571,Farand,Snowdon,fsnowdonfu@twitpic.com,Female,238.39.197.58
572,Gothart,Brighouse,gbrighousefv@etsy.com,Male,148.5.211.213
573,Eveleen,Holston,eholstonfw@dailymail.co.uk,Female,223.237.132.243
574,Francoise,Yeliashev,fyeliashevfx@scribd.com,Female,116.76.206.107
575,Lilia,Gurnell,lgurnellfy@tmall.com,Female,178.42.187.169
576,Candida,Dewer,cdewerfz@google.fr,Female,206.125.114.132
577,Zorina,McMonies,zmcmoniesg0@abc.net.au,Female,161.108.25.165
578,Anissa,Izen,aizeng1@wufoo.com,Female,84.79.125.139
579,Rhea,Sothern,rsotherng2@ca.gov,Female,60.3.57.35
580,Abel,Hazelgreave,ahazelgreaveg3@delicious.com,Male,133.50.160.173
581,Alyce,Gladdor,agladdorg4@uol.com.br,Female,101.18.135.96
582,Corny,Jaqueme,cjaquemeg5@sina.com.cn,Male,63.170.151.27
583,Nady,Busk,nbuskg6@dot.gov,Female,164.93.49.7
584,Susann,Durran,sdurrang7@va.gov,Female,196.21.15.108
585,Karyn,Reffe,kreffeg8@ebay.co.uk,Female,253.7.159.133
586,Alick,Thoumasson,athoumassong9@zdnet.com,Male,11.56.218.236
587,Rockie,Plume,rplumega@indiatimes.com,Male,205.22.49.239
588,Vanda,Fisher,vfishergb@mail.ru,Female,182.30.63.64
589,Juan,Woofendell,jwoofendellgc@wikispaces.com,Male,125.141.214.2
590,Berni,Dannehl,bdannehlgd@redcross.org,Female,84.217.150.33
591,Derby,Stodd,dstoddge@ihg.com,Male,122.110.139.184
592,Fernando,Beaudry,fbeaudrygf@cnet.com,Male,19.164.76.209
593,Clarey,Sendley,csendleygg@princeton.edu,Female,16.111.255.91
594,Zack,Jain,zjaingh@ihg.com,Male,103.152.180.150
595,Patrice,Barti,pbartigi@ca.gov,Male,28.234.223.208
596,Farris,Johncey,fjohnceygj@privacy.gov.au,Male,137.92.92.9
597,Forrester,Hingeley,fhingeleygk@amazon.com,Male,104.156.119.153
598,Rusty,Cogswell,rcogswellgl@sbwire.com,Male,212.221.98.244
599,Thoma,Linbohm,tlinbohmgm@bandcamp.com,Male,102.27.31.183
600,Jake,Methringham,jmethringhamgn@weebly.com,Male,161.223.98.65
601,Elonore,Bale,ebalego@macromedia.com,Female,169.211.66.181
602,Kimberley,Burchess,kburchessgp@stanford.edu,Female,177.140.163.240
603,Raf,Snyder,rsnydergq@fastcompany.com,Female,85.189.134.118
604,Alister,Giovannini,agiovanninigr@cbslocal.com,Male,43.76.157.157
605,Court,Pavel,cpavelgs@newyorker.com,Male,26.246.196.11
606,Row,Rodrigo,rrodrigogt@naver.com,Female,110.77.52.120
607,Anne,Eloy,aeloygu@slideshare.net,Female,36.162.68.169
608,Gaelan,Pacher,gpachergv@google.pl,Male,21.69.233.93
609,Titos,Armin,tarmingw@china.com.cn,Male,92.190.104.52
610,Iggy,Godsmark,igodsmarkgx@example.com,Male,33.27.230.88
611,Lorain,Clipson,lclipsongy@indiegogo.com,Female,46.150.224.89
612,Nonnah,Sacher,nsachergz@biblegateway.com,Female,191.153.141.43
613,Mord,Sappell,msappellh0@facebook.com,Male,8.29.91.33
614,Dimitry,Durbin,ddurbinh1@aboutads.info,Male,198.34.168.224
615,Allayne,Gilliam,agilliamh2@utexas.edu,Male,29.164.196.250
616,Kelcy,Malter,kmalterh3@ehow.com,Female,13.154.138.134
617,Sosanna,Artiss,sartissh4@is.gd,Female,139.104.238.216
618,Morissa,Roderigo,mroderigoh5@wisc.edu,Female,236.177.160.85
619,Birgit,Leafe,bleafeh6@whitehouse.gov,Female,16.90.31.233
620,Daisy,Rawcliffe,drawcliffeh7@ihg.com,Female,209.35.102.141
621,Loleta,Feyer,lfeyerh8@google.de,Female,78.230.177.68
622,Morton,Kirton,mkirtonh9@msn.com,Male,78.157.98.210
623,Lyda,Kropach,lkropachha@yahoo.com,Female,136.245.141.71
624,Oliy,Duthie,oduthiehb@last.fm,Female,54.102.193.58
625,Tyne,Buckhurst,tbuckhursthc@shutterfly.com,Female,229.223.100.118
626,Deanna,Vasiljevic,dvasiljevichd@spiegel.de,Female,22.169.37.55
627,Jennifer,Shatliffe,jshatliffehe@miibeian.gov.cn,Female,38.241.50.160
628,Lay,Maciejewski,lmaciejewskihf@weather.com,Male,187.115.65.172
629,Justen,Mewburn,jmewburnhg@imdb.com,Male,31.94.23.231
630,Delly,Vine,dvinehh@businesswire.com,Female,204.70.132.127
631,Alexander,Coleiro,acoleirohi@pinterest.com,Male,2.10.177.138
632,April,Smetoun,asmetounhj@nydailynews.com,Female,90.25.50.54
633,Dew,Tesoe,dtesoehk@nymag.com,Male,133.244.197.73
634,Christopher,Lawford,clawfordhl@baidu.com,Male,107.81.123.3
635,Kyrstin,Seargeant,kseargeanthm@wikispaces.com,Female,230.4.108.7
636,Bobina,Roddell,broddellhn@eventbrite.com,Female,208.242.112.32
637,Catlaina,Cholwell,ccholwellho@virginia.edu,Female,68.123.11.126
638,Torrey,Hanwright,thanwrighthp@amazonaws.com,Male,240.40.227.1
639,Yale,Gendrich,ygendrichhq@usda.gov,Male,105.126.218.134
640,Fee,Adamovsky,fadamovskyhr@mysql.com,Male,216.152.30.48
641,Frederique,O'Shields,foshieldshs@princeton.edu,Female,68.226.124.173
642,Ivar,Baldelli,ibaldelliht@about.me,Male,10.237.44.35
643,Gun,Parmiter,gparmiterhu@fema.gov,Male,231.29.129.213
644,Elly,Doddrell,edoddrellhv@usnews.com,Female,103.233.163.32
645,Ilka,Scranny,iscrannyhw@salon.com,Female,82.160.234.118
646,Abel,Butfield,abutfieldhx@nationalgeographic.com,Male,119.24.32.254
647,Eward,Keyse,ekeysehy@senate.gov,Male,10.164.7.60
648,Germana,Vigours,gvigourshz@time.com,Female,237.219.196.1
649,Trish,Hazelhurst,thazelhursti0@theguardian.com,Female,215.55.106.48
650,Stanislas,Ishaki,sishakii1@gov.uk,Male,172.222.234.192
651,Ailey,Lamminam,alamminami2@mozilla.org,Female,203.27.241.230
652,Amalea,Ruggen,aruggeni3@who.int,Female,187.62.23.84
653,Mira,Grigoli,mgrigolii4@freewebs.com,Female,242.7.94.175
654,Zane,Cantor,zcantori5@marriott.com,Male,37.74.219.120
655,Diarmid,Bedo,dbedoi6@stanford.edu,Male,211.247.34.78
656,Monti,Perott,mperotti7@mlb.com,Male,171.45.244.193
657,Karlis,Huggens,khuggensi8@weibo.com,Male,180.211.159.228
658,Annecorinne,Monard,amonardi9@domainmarket.com,Female,125.74.245.240
659,Gracia,Lill,glillia@free.fr,Female,243.9.229.165
660,Aldin,Fallens,afallensib@1und1.de,Male,35.242.212.56
661,Frederic,Speechly,fspeechlyic@bloomberg.com,Male,8.83.34.94
662,Dael,Yitzhakov,dyitzhakovid@unicef.org,Male,143.13.78.158
663,Uriel,Giacobelli,ugiacobelliie@topsy.com,Male,25.105.204.53
664,Farra,Bransom,fbransomif@va.gov,Female,148.130.191.68
665,Waldemar,Selbach,wselbachig@blogspot.com,Male,240.18.33.253
666,Jacques,Mauditt,jmaudittih@sbwire.com,Male,226.198.176.177
667,Ebonee,O'Docherty,eodochertyii@unblog.fr,Female,59.72.37.87
668,Burk,Duddy,bduddyij@t.co,Male,59.59.80.124
669,Hilda,Porter,hporterik@va.gov,Female,105.233.237.55
670,Almeda,Stede,astedeil@wikipedia.org,Female,194.34.253.232
671,Kare,Esmonde,kesmondeim@ucoz.ru,Female,110.0.44.119
672,Chase,Kneller,cknellerin@google.com.au,Male,89.62.155.70
673,Sherwin,Fogg,sfoggio@ezinearticles.com,Male,133.189.104.37
674,Antonina,Catteroll,acatterollip@chron.com,Female,123.205.89.111
675,Bart,Santi,bsantiiq@chron.com,Male,112.219.42.185
676,Rafa,Zecchinii,rzecchiniiir@example.com,Female,217.113.0.52
677,Georgeta,Paquet,gpaquetis@github.io,Female,60.39.132.249
678,Arnoldo,Fodden,afoddenit@sbwire.com,Male,40.145.180.135
679,Selma,Caig,scaigiu@clickbank.net,Female,196.183.217.3
680,Elisabet,Ferrandez,eferrandeziv@myspace.com,Female,65.126.121.196
681,Lorianne,Thorwarth,lthorwarthiw@exblog.jp,Female,94.234.62.28
682,Donetta,Stoeckle,dstoeckleix@phoca.cz,Female,105.80.160.120
683,Riki,De Giovanni,rdegiovanniiy@bandcamp.com,Female,214.1.170.12
684,Cecil,Denge,cdengeiz@umich.edu,Male,192.188.58.203
685,Vance,Boaler,vboalerj0@tinypic.com,Male,132.103.46.23
686,Tye,Langridge,tlangridgej1@so-net.ne.jp,Male,82.42.251.167
687,Jules,Anfrey,janfreyj2@pcworld.com,Male,131.85.217.27
688,Timoteo,Franceschi,tfranceschij3@wordpress.com,Male,182.210.234.114
689,Mychal,Inder,minderj4@independent.co.uk,Male,222.49.83.82
690,Maitilde,Chastey,mchasteyj5@1und1.de,Female,201.119.55.183
691,Iona,Hatto,ihattoj6@eventbrite.com,Female,100.230.151.26
692,Piotr,Altree,paltreej7@miibeian.gov.cn,Male,188.249.123.49
693,Winny,Matterson,wmattersonj8@cisco.com,Female,217.142.97.56
694,Cly,Agates,cagatesj9@apache.org,Male,217.1.2.76
695,Belinda,Mattek,bmattekja@facebook.com,Female,66.208.204.212
696,Magda,Beardwood,mbeardwoodjb@guardian.co.uk,Female,155.179.113.61
697,Dunn,Caspell,dcaspelljc@hatena.ne.jp,Male,92.41.130.181
698,Cacilia,Glew,cglewjd@pcworld.com,Female,155.43.219.150
699,Ros,Norquay,rnorquayje@earthlink.net,Female,61.241.199.234
700,Andras,Frend,afrendjf@ning.com,Male,133.137.212.87
701,Emmalyn,Cleve,eclevejg@admin.ch,Female,210.217.75.36
702,Jessalyn,Shawdforth,jshawdforthjh@washingtonpost.com,Female,254.50.226.170
703,Marylou,Madine,mmadineji@npr.org,Female,22.206.54.169
704,Brina,Ranscombe,branscombejj@photobucket.com,Female,17.65.210.109
705,Max,Pettitt,mpettittjk@uiuc.edu,Male,14.189.44.102
706,Eziechiele,Curnok,ecurnokjl@123-reg.co.uk,Male,24.39.245.184
707,Inglis,Huguet,ihuguetjm@storify.com,Male,68.145.80.247
708,Dari,Hanbury-Brown,dhanburybrownjn@umich.edu,Female,121.63.159.52
709,Tierney,Farn,tfarnjo@taobao.com,Female,53.142.143.10
710,Lee,Baltrushaitis,lbaltrushaitisjp@boston.com,Female,55.234.109.204
711,Godiva,Roust,groustjq@mail.ru,Female,184.183.106.239
712,Jan,Coller,jcollerjr@abc.net.au,Male,2.144.121.60
713,Ransell,Rimington,rrimingtonjs@mayoclinic.com,Male,100.164.7.245
714,Ulrich,Capnerhurst,ucapnerhurstjt@sogou.com,Male,148.108.220.70
715,Antoinette,Lasham,alashamju@printfriendly.com,Female,138.195.123.223
716,Anatole,Wasson,awassonjv@google.es,Male,189.108.101.0
717,Virgie,Brack,vbrackjw@ehow.com,Male,22.218.213.105
718,Klara,Garcia,kgarciajx@mlb.com,Female,96.124.30.215
719,Lottie,Goathrop,lgoathropjy@mapy.cz,Female,41.164.183.185
720,Killian,Olliffe,kolliffejz@cbslocal.com,Male,176.163.214.37
721,Rurik,Castelletti,rcastellettik0@symantec.com,Male,143.0.145.207
722,Stacee,Ayerst,sayerstk1@psu.edu,Male,76.153.139.135
723,Aurora,Javes,ajavesk2@yahoo.com,Female,97.172.108.55
724,Benton,Costard,bcostardk3@nationalgeographic.com,Male,251.89.142.242
725,Lorrin,Lescop,llescopk4@istockphoto.com,Female,163.205.253.54
726,Gustie,Shevelin,gshevelink5@chronoengine.com,Female,220.201.112.30
727,Dyane,Lassen,dlassenk6@miitbeian.gov.cn,Female,210.27.172.249
728,Cally,Rettie,crettiek7@is.gd,Female,88.219.159.75
729,Trudi,Cowpe,tcowpek8@nsw.gov.au,Female,132.100.229.121
730,Sancho,Ottawell,sottawellk9@cyberchimps.com,Male,147.118.57.31
731,Agace,Sumnall,asumnallka@storify.com,Female,85.247.146.209
732,Hildagarde,Lorenzini,hlorenzinikb@amazon.com,Female,151.68.67.65
733,Kayle,Fotherby,kfotherbykc@soup.io,Female,183.104.160.138
734,Brett,Akenhead,bakenheadkd@joomla.org,Male,146.190.106.83
735,Petey,Lorrimer,plorrimerke@unc.edu,Male,133.73.49.184
736,Teena,Turney,tturneykf@meetup.com,Female,20.127.154.160
737,Binky,Janecek,bjanecekkg@jugem.jp,Male,44.236.71.192
738,Tanney,Millmore,tmillmorekh@ezinearticles.com,Male,64.245.36.102
739,Alan,Jozsef,ajozsefki@hatena.ne.jp,Male,18.123.68.7
740,Kial,Boakes,kboakeskj@liveinternet.ru,Female,101.44.89.77
741,Eolande,Housecraft,ehousecraftkk@fema.gov,Female,83.154.79.193
742,Linette,Huggett,lhuggettkl@unicef.org,Female,120.79.90.117
743,Hallsy,Ruos,hruoskm@jalbum.net,Male,255.166.81.247
744,Odie,Olivi,oolivikn@boston.com,Male,187.32.199.137
745,Raffaello,Godart,rgodartko@deliciousdays.com,Male,69.235.247.226
746,Tadio,Botly,tbotlykp@free.fr,Male,195.131.49.70
747,Rivkah,Hayfield,rhayfieldkq@zdnet.com,Female,29.165.188.59
748,Kamila,Firbank,kfirbankkr@shareasale.com,Female,208.70.250.11
749,Rutherford,Bampkin,rbampkinks@cbc.ca,Male,218.250.32.59
750,Adrian,Fermin,aferminkt@discovery.com,Male,232.72.203.241
751,Paxon,Shurmer,pshurmerku@youtube.com,Male,133.53.39.126
752,Chadwick,Piers,cpierskv@topsy.com,Male,187.200.103.240
753,Scottie,Schwaiger,sschwaigerkw@shop-pro.jp,Male,208.75.164.89
754,Britney,Coat,bcoatkx@sourceforge.net,Female,239.102.165.237
755,Shena,Crighton,scrightonky@youku.com,Female,127.249.124.11
756,Sherrie,Bilovsky,sbilovskykz@altervista.org,Female,43.37.207.96
757,Court,Simla,csimlal0@narod.ru,Male,181.86.220.33
758,Verna,Arrington,varringtonl1@gnu.org,Female,54.61.144.147
759,Tate,Marmion,tmarmionl2@marriott.com,Female,210.107.192.6
760,Marj,Pottage,mpottagel3@usatoday.com,Female,229.128.38.98
761,Margarette,Kroin,mkroinl4@histats.com,Female,82.116.21.231
762,Rollie,Chell,rchelll5@nyu.edu,Male,55.252.95.106
763,Jarib,Yeats,jyeatsl6@friendfeed.com,Male,7.24.13.109
764,Wylie,Dast,wdastl7@instagram.com,Male,245.12.98.92
765,Clovis,Lynskey,clynskeyl8@networksolutions.com,Female,66.186.75.38
766,Ivory,Adenot,iadenotl9@furl.net,Female,76.213.31.186
767,Hube,Schimpke,hschimpkela@time.com,Male,249.227.223.67
768,Denise,Cruikshanks,dcruikshankslb@walmart.com,Female,72.131.188.213
769,Bron,Thackham,bthackhamlc@github.com,Male,26.117.238.176
770,Wilbur,Tathacott,wtathacottld@slashdot.org,Male,163.126.108.157
771,Spike,Oolahan,soolahanle@wisc.edu,Male,51.206.243.114
772,Dalia,Nelmes,dnelmeslf@who.int,Female,129.209.87.71
773,Kincaid,Darlington,kdarlingtonlg@scientificamerican.com,Male,187.127.172.205
774,Issy,Rusbridge,irusbridgelh@canalblog.com,Female,29.252.33.50
775,Kelsy,Dionis,kdionisli@nyu.edu,Female,63.216.232.135
776,Adams,Rivlin,arivlinlj@godaddy.com,Male,169.155.39.45
777,Valene,Chrestien,vchrestienlk@psu.edu,Female,132.68.11.37
778,Glyn,Swaisland,gswaislandll@godaddy.com,Male,166.43.42.172
779,Udell,Baumert,ubaumertlm@adobe.com,Male,79.181.211.55
780,Adolphe,Novis,anovisln@fc2.com,Male,62.85.242.85
781,Brody,Judron,bjudronlo@trellian.com,Male,249.15.96.72
782,Karlik,Towe,ktowelp@google.cn,Male,113.10.96.8
783,Penny,Loxley,ploxleylq@ebay.com,Female,147.85.30.3
784,Vinson,Jerman,vjermanlr@youtu.be,Male,141.91.137.148
785,Bettye,Dowdam,bdowdamls@google.it,Female,208.23.157.9
786,Georges,Philippault,gphilippaultlt@abc.net.au,Male,204.58.226.200
787,Kelcy,Curlis,kcurlislu@nih.gov,Female,195.68.29.72
788,Ailey,Chanders,achanderslv@livejournal.com,Female,48.47.177.1
789,Bobine,Betton,bbettonlw@youtube.com,Female,74.39.62.240
790,Andrew,Hapke,ahapkelx@wsj.com,Male,206.252.3.18
791,Georgie,Leban,glebanly@statcounter.com,Female,193.54.238.173
792,Pierre,Simkins,psimkinslz@omniture.com,Male,143.41.4.8
793,Cornell,Bearfoot,cbearfootm0@tiny.cc,Male,153.253.2.147
794,Shae,Van Arsdall,svanarsdallm1@jigsy.com,Female,81.202.36.200
795,Ferrel,Fernehough,ffernehoughm2@pinterest.com,Male,48.186.243.167
796,Chariot,Lafaye,clafayem3@moonfruit.com,Male,11.53.220.78
797,Lynea,Fealty,lfealtym4@wunderground.com,Female,137.94.159.169
798,Dyna,Reveley,dreveleym5@hibu.com,Female,18.12.51.57
799,Sunny,Casaccio,scasacciom6@google.it,Male,218.35.58.194
800,Gabbey,Tithacott,gtithacottm7@archive.org,Female,57.69.237.173
801,Ulises,Walthall,uwalthallm8@free.fr,Male,109.41.249.204
802,Walther,Sudlow,wsudlowm9@twitpic.com,Male,75.64.119.156
803,Elvin,Muscott,emuscottma@independent.co.uk,Male,120.153.172.153
804,Calli,Paynton,cpayntonmb@ovh.net,Female,93.106.43.174
805,Corine,Maginn,cmaginnmc@arizona.edu,Female,108.162.213.230
806,Quinta,Gurner,qgurnermd@businesswire.com,Female,246.48.75.95
807,Mark,Sibbons,msibbonsme@meetup.com,Male,33.12.29.28
808,Tammie,Josefovic,tjosefovicmf@reference.com,Male,64.99.228.106
809,Antonie,Fallawe,afallawemg@usatoday.com,Female,40.60.153.151
810,Denny,Baroux,dbarouxmh@usda.gov,Female,135.179.44.55
811,Berne,Campbell,bcampbellmi@google.ru,Male,241.252.159.59
812,Rodrigo,Caslett,rcaslettmj@wisc.edu,Male,235.179.26.34
813,Cory,Leathlay,cleathlaymk@wikipedia.org,Male,137.1.146.92
814,Borden,Hedgecock,bhedgecockml@apple.com,Male,28.120.250.15
815,Gan,Kondratyuk,gkondratyukmm@netlog.com,Male,133.2.192.7
816,Burnard,Gooddy,bgooddymn@woothemes.com,Male,149.80.95.65
817,Addi,Ivachyov,aivachyovmo@furl.net,Female,253.246.144.145
818,Birgitta,Kulver,bkulvermp@npr.org,Female,66.84.170.149
819,Elle,Parken,eparkenmq@google.fr,Female,197.9.202.24
820,Bernita,Grierson,bgriersonmr@livejournal.com,Female,217.186.91.106
821,Bil,Grigori,bgrigorims@alexa.com,Male,153.246.144.155
822,Curt,Goadby,cgoadbymt@springer.com,Male,193.82.93.62
823,Martelle,Ondrak,mondrakmu@aol.com,Female,14.89.149.86
824,Kendre,Klimentov,kklimentovmv@google.ru,Female,46.147.211.119
825,Jobie,Parcell,jparcellmw@google.de,Female,224.192.132.127
826,Cleavland,Elliott,celliottmx@feedburner.com,Male,128.185.40.134
827,Cordell,Guslon,cguslonmy@homestead.com,Male,116.217.228.204
828,Beatrix,Garmston,bgarmstonmz@purevolume.com,Female,100.208.25.140
829,Kilian,Barnhill,kbarnhilln0@issuu.com,Male,68.42.101.129
830,Mano,Dennidge,mdennidgen1@cpanel.net,Male,252.0.53.181
831,Tatum,Showalter,tshowaltern2@bizjournals.com,Female,82.0.51.159
832,Sutton,Humphrey,shumphreyn3@craigslist.org,Male,131.87.216.228
833,Paula,Gosalvez,pgosalvezn4@archive.org,Female,253.215.238.132
834,Derrek,Farlam,dfarlamn5@about.me,Male,94.3.54.98
835,Jammal,McFeate,jmcfeaten6@storify.com,Male,80.162.251.85
836,Darice,Rodden,droddenn7@ucoz.com,Female,90.206.245.65
837,Osgood,Ratlee,oratleen8@ibm.com,Male,229.170.226.243
838,Borg,Errigo,berrigon9@google.nl,Male,254.149.250.131
839,Aurelie,Huws,ahuwsna@webs.com,Female,147.125.46.149
840,Doria,Curtoys,dcurtoysnb@histats.com,Female,180.38.158.10
841,Perla,Cotgrove,pcotgrovenc@meetup.com,Female,45.104.44.178
842,Ardath,Petcher,apetchernd@naver.com,Female,120.60.31.91
843,Noami,Kmietsch,nkmietschne@qq.com,Female,242.19.197.180
844,Hilarius,Paddingdon,hpaddingdonnf@flavors.me,Male,32.120.13.216
845,Gates,Pinard,gpinardng@nyu.edu,Female,229.73.194.203
846,Suellen,Martynov,smartynovnh@twitpic.com,Female,144.253.40.113
847,Adorne,Whitaker,awhitakerni@dion.ne.jp,Female,33.67.95.182
848,Pearle,Clarkin,pclarkinnj@baidu.com,Female,127.225.10.126
849,Liv,Goeff,lgoeffnk@nsw.gov.au,Female,134.205.163.234
850,Selig,Seyler,sseylernl@oracle.com,Male,152.222.187.19
851,Gawen,Dabernott,gdabernottnm@admin.ch,Male,139.129.189.64
852,Syd,Alster,salsternn@discovery.com,Male,89.174.201.54
853,Noel,Kingsman,nkingsmanno@bizjournals.com,Female,253.139.156.64
854,Nat,Coarser,ncoarsernp@jiathis.com,Male,205.144.125.87
855,Cammy,Hand,chandnq@army.mil,Female,161.237.147.141
856,Honey,Noddle,hnoddlenr@prlog.org,Female,125.73.16.196
857,Rosene,Faircliff,rfaircliffns@ifeng.com,Female,105.41.79.194
858,Doy,Hannabus,dhannabusnt@artisteer.com,Male,16.199.1.102
859,Elie,Eate,eeatenu@hao123.com,Female,248.27.29.28
860,L;urette,Manoelli,lmanoellinv@pagesperso-orange.fr,Female,239.223.93.218
861,Jerrome,Childers,jchildersnw@wp.com,Male,199.232.9.159
862,Gabriell,Upex,gupexnx@blogspot.com,Female,254.137.75.205
863,Cicely,Stratford,cstratfordny@reverbnation.com,Female,40.166.67.101
864,Aurthur,Loraine,alorainenz@de.vu,Male,65.160.153.51
865,Beauregard,Dulling,bdullingo0@desdev.cn,Male,150.1.148.100
866,Geralda,Beernaert,gbeernaerto1@cloudflare.com,Female,239.79.245.69
867,Myrwyn,Maffione,mmaffioneo2@nps.gov,Male,212.146.108.31
868,Carlynn,Pavkovic,cpavkovico3@usa.gov,Female,17.170.22.185
869,Arly,Paullin,apaullino4@jigsy.com,Female,97.190.222.4
870,Teodora,Gaskin,tgaskino5@prlog.org,Female,41.198.161.153
871,Cammi,Simeoni,csimeonio6@netvibes.com,Female,190.84.133.48
872,Adler,Dewdney,adewdneyo7@toplist.cz,Male,28.160.221.221
873,Netta,Lassells,nlassellso8@cloudflare.com,Female,251.77.113.185
874,Marysa,Bennedick,mbennedicko9@macromedia.com,Female,222.20.245.115
875,Ariella,Ivashnikov,aivashnikovoa@wikimedia.org,Female,82.13.201.27
876,Torin,O'Sheils,tosheilsob@nyu.edu,Male,3.86.252.74
877,Seward,Pomery,spomeryoc@hugedomains.com,Male,59.184.201.81
878,Agna,Christal,achristalod@msu.edu,Female,7.96.120.183
879,Mayor,Titford,mtitfordoe@e-recht24.de,Male,76.23.17.242
880,Ludwig,Braden,lbradenof@washingtonpost.com,Male,179.208.61.31
881,Yasmeen,Dreus,ydreusog@amazon.co.jp,Female,228.145.228.147
882,Adlai,Colbrun,acolbrunoh@ameblo.jp,Male,233.109.174.122
883,Denver,Size,dsizeoi@sun.com,Male,157.170.234.197
884,Ceciley,Castagno,ccastagnooj@samsung.com,Female,10.87.189.234
885,Amelina,Slinger,aslingerok@behance.net,Female,184.214.69.121
886,Antonius,Malkinson,amalkinsonol@livejournal.com,Male,207.187.72.44
887,Sharl,Soigoux,ssoigouxom@wordpress.org,Female,41.61.131.183
888,Kippie,Alster,kalsteron@mlb.com,Male,36.105.143.5
889,Annadiana,Heinrici,aheinricioo@moonfruit.com,Female,107.32.135.203
890,Morganica,Minthorpe,mminthorpeop@webeden.co.uk,Female,177.126.217.211
891,Julissa,Beake,jbeakeoq@army.mil,Female,180.23.128.187
892,Violante,Chiles,vchilesor@house.gov,Female,108.13.136.68
893,Pembroke,Byrne,pbyrneos@twitpic.com,Male,16.137.22.156
894,Tallie,Henlon,thenlonot@linkedin.com,Female,58.75.121.169
895,Ezri,Baglin,ebaglinou@mail.ru,Male,168.200.156.250
896,Yvonne,Kirsche,ykirscheov@cam.ac.uk,Female,195.32.24.86
897,Mari,Sedgeman,msedgemanow@disqus.com,Female,102.193.118.18
898,Thorvald,Trayling,ttraylingox@webs.com,Male,50.18.171.242
899,Lucian,Yitzhakov,lyitzhakovoy@redcross.org,Male,83.87.112.170
900,Averell,Amsden,aamsdenoz@google.pl,Male,48.191.155.165
901,Franky,Duckit,fduckitp0@skyrock.com,Male,30.68.230.163
902,Lira,Louder,llouderp1@netvibes.com,Female,19.157.15.10
903,Bonny,Stobbie,bstobbiep2@dailymail.co.uk,Female,83.108.205.49
904,Murry,Cranmere,mcranmerep3@sogou.com,Male,194.120.103.155
905,Mayer,Gelardi,mgelardip4@answers.com,Male,94.206.8.237
906,Harcourt,Gofton,hgoftonp5@hubpages.com,Male,199.60.82.104
907,Benni,Ornelas,bornelasp6@arizona.edu,Female,155.38.68.226
908,Padraic,Mendel,pmendelp7@ycombinator.com,Male,107.82.171.179
909,Ollie,Mustoo,omustoop8@live.com,Female,67.223.41.81
910,Henryetta,Surcomb,hsurcombp9@vinaora.com,Female,83.156.137.44
911,Broderic,Barehead,bbareheadpa@php.net,Male,21.238.185.204
912,Fairfax,Rhodes,frhodespb@theglobeandmail.com,Male,218.221.146.69
913,Dayle,Rockell,drockellpc@icq.com,Female,54.1.192.183
914,Neale,Warton,nwartonpd@google.it,Male,217.87.110.136
915,Dieter,Bark,dbarkpe@dailymail.co.uk,Male,108.4.119.74
916,Anselm,Shafier,ashafierpf@redcross.org,Male,86.95.254.53
917,Gaylord,Bortolomei,gbortolomeipg@alibaba.com,Male,21.142.178.231
918,Gerri,Avison,gavisonph@moonfruit.com,Male,150.192.185.235
919,Benjamen,Heigho,bheighopi@aboutads.info,Male,29.136.48.82
920,Gena,Relf,grelfpj@elpais.com,Female,225.74.219.218
921,Malina,Thexton,mthextonpk@zdnet.com,Female,73.102.223.43
922,Warner,Caplin,wcaplinpl@fastcompany.com,Male,219.164.18.141
923,Sunny,McGillicuddy,smcgillicuddypm@tmall.com,Male,38.39.58.197
924,Cassius,Gathercole,cgathercolepn@apple.com,Male,97.158.245.127
925,Stanford,Gallanders,sgallanderspo@japanpost.jp,Male,187.143.245.24
926,Marris,Dawbury,mdawburypp@joomla.org,Female,235.54.144.223
927,Tisha,Gentner,tgentnerpq@so-net.ne.jp,Female,112.179.58.238
928,Josie,Rintoul,jrintoulpr@com.com,Female,51.34.129.251
929,Elspeth,Mays,emaysps@usnews.com,Female,150.31.30.16
930,Inglis,Cassar,icassarpt@ted.com,Male,184.197.18.223
931,Liuka,Denver,ldenverpu@photobucket.com,Female,216.85.9.226
932,Alric,Pond-Jones,apondjonespv@clickbank.net,Male,8.23.199.38
933,Jyoti,MacIlwrick,jmacilwrickpw@tinypic.com,Female,159.31.8.93
934,Bearnard,Rhucroft,brhucroftpx@hc360.com,Male,211.73.110.252
935,Hedvig,Brand-Hardy,hbrandhardypy@ucsd.edu,Female,229.94.138.202
936,Abbi,McCahey,amccaheypz@ebay.co.uk,Female,131.202.240.126
937,Carlotta,McNeil,cmcneilq0@blogtalkradio.com,Female,155.203.212.5
938,Geoffrey,Mellonby,gmellonbyq1@noaa.gov,Male,58.160.220.106
939,Faythe,Kittoe,fkittoeq2@cnn.com,Female,18.203.252.184
940,Michael,Burndred,mburndredq3@blogger.com,Male,46.89.108.180
941,Sydelle,Widmore,swidmoreq4@opera.com,Female,185.11.174.66
942,Bennie,Caff,bcaffq5@tumblr.com,Male,131.184.86.248
943,Hyacintha,Bohler,hbohlerq6@buzzfeed.com,Female,236.66.168.128
944,Grove,Renshall,grenshallq7@phpbb.com,Male,252.86.216.70
945,Joey,Hoppner,jhoppnerq8@cyberchimps.com,Male,178.192.176.229
946,Analiese,Dodding,adoddingq9@netlog.com,Female,173.223.61.193
947,Bryn,Poff,bpoffqa@patch.com,Male,240.199.119.54
948,Berke,Wyldes,bwyldesqb@marriott.com,Male,227.85.170.120
949,Fabian,Spurdle,fspurdleqc@dailymail.co.uk,Male,138.140.9.188
950,Mirabel,Peiro,mpeiroqd@ed.gov,Female,180.191.10.189
951,Care,Groucutt,cgroucuttqe@nydailynews.com,Male,0.50.94.180
952,Karrie,Youngman,kyoungmanqf@live.com,Female,218.154.219.145
953,Jory,Trumble,jtrumbleqg@time.com,Male,160.245.103.231
954,Cyb,Piaggia,cpiaggiaqh@rediff.com,Female,142.250.19.0
955,Louis,Coumbe,lcoumbeqi@macromedia.com,Male,224.18.41.195
956,Rock,Wallicker,rwallickerqj@apple.com,Male,177.232.104.35
957,Wandis,Travis,wtravisqk@imageshack.us,Female,214.230.109.248
958,Garald,Pauls,gpaulsql@pbs.org,Male,162.160.46.65
959,Chadwick,Tremoulet,ctremouletqm@foxnews.com,Male,112.96.225.138
960,Ailsun,Micklem,amicklemqn@cdbaby.com,Female,58.107.160.1
961,Fraser,Laborde,flabordeqo@taobao.com,Male,20.236.218.224
962,Wanda,Sacase,wsacaseqp@geocities.jp,Female,73.5.173.81
963,Trstram,Kidd,tkiddqq@yellowbook.com,Male,180.78.169.113
964,Jaquenetta,Snelgrove,jsnelgroveqr@skyrock.com,Female,89.78.43.75
965,El,Haile,ehaileqs@ehow.com,Male,169.225.19.107
966,June,Gemelli,jgemelliqt@seesaa.net,Female,130.156.53.89
967,Grannie,Keemer,gkeemerqu@webs.com,Male,14.223.150.9
968,Maggi,Eyree,meyreeqv@nasa.gov,Female,181.162.160.3
969,Florette,Cicchillo,fcicchilloqw@microsoft.com,Female,183.219.71.48
970,Barron,Hauch,bhauchqx@people.com.cn,Male,241.159.180.139
971,Abbie,Glanz,aglanzqy@loc.gov,Female,26.133.149.60
972,Ricard,Twyford,rtwyfordqz@ucoz.com,Male,82.118.114.29
973,Dyanna,Ecles,declesr0@rambler.ru,Female,18.64.243.17
974,Bernadina,Danahar,bdanaharr1@aboutads.info,Female,137.30.136.142
975,Doll,Heasman,dheasmanr2@g.co,Female,36.6.129.160
976,Blythe,Pieper,bpieperr3@google.es,Female,224.83.118.93
977,Christiana,Roizn,croiznr4@drupal.org,Female,85.70.230.150
978,Silvanus,Noades,snoadesr5@wunderground.com,Male,230.34.83.207
979,Debi,Czajkowska,dczajkowskar6@dropbox.com,Female,210.68.105.168
980,Vevay,Close,vcloser7@feedburner.com,Female,18.140.185.244
981,Nelia,Waye,nwayer8@exblog.jp,Female,175.167.85.38
982,Valentine,Downie,vdownier9@netscape.com,Female,227.92.197.123
983,Kim,Cranston,kcranstonra@clickbank.net,Male,162.201.52.138
984,Prudi,Feitosa,pfeitosarb@com.com,Female,75.126.142.225
985,Jefferey,McPhelim,jmcphelimrc@bbb.org,Male,190.190.94.107
986,Tallou,Eisenberg,teisenbergrd@nasa.gov,Female,51.239.141.157
987,Pearline,Lindup,plindupre@jiathis.com,Female,12.122.133.39
988,Adelina,Marron,amarronrf@cnet.com,Female,167.201.151.84
989,Hugo,Breslauer,hbreslauerrg@dedecms.com,Male,119.134.115.228
990,Hubert,Di Bartolommeo,hdibartolommeorh@apple.com,Male,131.213.167.109
991,Elisha,Greaser,egreaserri@cnn.com,Female,167.184.41.222
992,Stuart,Pigott,spigottrj@ask.com,Male,126.6.128.219
993,Lianne,Carabet,lcarabetrk@si.edu,Female,86.186.158.184
994,Theresa,Lockery,tlockeryrl@ocn.ne.jp,Female,88.101.52.33
995,Job,Dunbavin,jdunbavinrm@1und1.de,Male,199.95.87.207
996,Graham,Bartolacci,gbartolaccirn@ox.ac.uk,Male,143.188.89.151
997,Selena,Bragge,sbraggero@nbcnews.com,Female,35.147.55.145
998,Johannah,McGow,jmcgowrp@nba.com,Female,20.165.180.140
999,Alfonso,Keays,akeaysrq@jigsy.com,Male,99.224.9.143
1000,Cullin,Suche,csucherr@pcworld.com,Male,98.254.26.49
